{"cameraMode":{"drawMode":0,"name":"Shaded","section":"Shading Mode"},"sceneLighting":true,"audioPlay":false,"sceneViewState":{"showFog":true,"showMaterialUpdate":false,"showSkybox":true,"showFlares":true,"showImageEffects":true,"showParticleSystems":true},"in2DMode":false,"pivot":{"x":3.841803789138794,"y":-2.2054460048675539,"z":-3.2246499061584474},"rotation":{"x":-0.08918271213769913,"y":0.9028242826461792,"z":-0.22754673659801484,"w":-0.35383063554763796},"size":7.474091529846191,"orthographic":true}