{"cameraMode":{"drawMode":0,"name":"Shaded","section":"Shading Mode"},"sceneLighting":true,"audioPlay":false,"sceneViewState":{"showFog":true,"showMaterialUpdate":false,"showSkybox":true,"showFlares":true,"showImageEffects":true,"showParticleSystems":true},"in2DMode":false,"pivot":{"x":5.8639068603515629,"y":181.67333984375,"z":-363.283203125},"rotation":{"x":-0.22894157469272614,"y":0.009049064479768277,"z":-0.0021282255183905365,"w":-0.9733970761299133},"size":10.98586368560791,"orthographic":true}