{"cameraMode":{"drawMode":0,"name":"Shaded","section":"Shading Mode"},"sceneLighting":true,"audioPlay":false,"sceneViewState":{"showFog":true,"showMaterialUpdate":false,"showSkybox":true,"showFlares":true,"showImageEffects":true,"showParticleSystems":true},"in2DMode":false,"pivot":{"x":2.1600000858306886,"y":1.2899999618530274,"z":-4.059999942779541},"rotation":{"x":-0.08665715903043747,"y":0.8620855808258057,"z":-0.1576707363128662,"w":-0.4737807810306549},"size":4.7763800621032719,"orthographic":true}